term,term_id,definition_text,source_provision_id,legislation_id
the 1960 Act,term-the-1960-act,“ the 1960 Act ” means the Caravan Sites and Control of Development Act 1960 ;,article-2-1,uksi/2015/596
the Act,term-the-act,“ the Act ” means the Town and Country Planning Act 1990;,article-2-1,uksi/2015/596
adjoining owner or occupier,term-adjoining-owner-or-occupier,“ adjoining owner or occupier ” means any owner or occupier of any premises or land adjoining the site;,article-2-1,uksi/2015/596
aerodrome,term-aerodrome,“ aerodrome ” means an aerodrome as defined in paragraph 1 of Schedule 1 to the Air Navigation Order 2016 which is—,article-2-1,uksi/2015/596
aerial work,term-aerial-work,"and, for the purposes of this definition, the terms  “ aerial work ”,  “ Government aerodrome ” and  “ public transport ” have the meanings given in paragraph 1 of Schedule 1 to that Order ;",article-2-1,uksi/2015/596
Government aerodrome,term-government-aerodrome,"and, for the purposes of this definition, the terms  “ aerial work ”,  “ Government aerodrome ” and  “ public transport ” have the meanings given in paragraph 1 of Schedule 1 to that Order ;",article-2-1,uksi/2015/596
public transport,term-public-transport,"and, for the purposes of this definition, the terms  “ aerial work ”,  “ Government aerodrome ” and  “ public transport ” have the meanings given in paragraph 1 of Schedule 1 to that Order ;",article-2-1,uksi/2015/596
aqueduct,term-aqueduct,“ aqueduct ” does not include an underground conduit;,article-2-1,uksi/2015/596
area of outstanding natural beauty,term-area-of-outstanding-natural-beauty,“ area of outstanding natural beauty ” means an area designated as such by an order made by Natural England under section 82 of the Countryside and Rights of Way Act 2000 (designation of areas) as confirmed by the Secretary of State;,article-2-1,uksi/2015/596
caravan,term-caravan,“ caravan ” has the same meaning as for the purposes of Part 1 of the 1960 Act (caravan sites) ;,article-2-1,uksi/2015/596
caravan site,term-caravan-site,“ caravan site ” means land on which a caravan is stationed for the purpose of human habitation and land which is used in conjunction with land on which a caravan is so stationed;,article-2-1,uksi/2015/596
classified road,term-classified-road,“ classified road ” means a highway or proposed highway which—,article-2-1,uksi/2015/596
cubic content,term-cubic-content,“ cubic content ” means the cubic content of a structure or building measured externally;,article-2-1,uksi/2015/596
electronic communication,term-electronic-communication,“ electronic communication ” has the meaning given in section 15(1) of the Electronic Communications Act 2000 ;,article-2-1,uksi/2015/596
erection,term-erection,"“ erection ”, in relation to buildings, includes extension, alteration, or re-erection;",article-2-1,uksi/2015/596
existing,term-existing,"“ existing ”, in relation to any building or any plant or machinery or any use, means (except in the definition of  “original”) existing immediately before the carrying out, in relation to that building, plant, machinery or use, of development described in this Order;",article-2-1,uksi/2015/596
floor space,term-floor-space,“ floor space ” means the total floor space in a building or buildings;,article-2-1,uksi/2015/596
industrial process,term-industrial-process,“ industrial process ” means a process for or incidental to any of the following purposes—,article-2-1,uksi/2015/596
land drainage,term-land-drainage,“ land drainage ” has the same meaning as in section 116 of the Land Drainage Act 1976 (interpretation) ;,article-2-1,uksi/2015/596
listed building,term-listed-building,“ listed building ” has the same meaning as in section 1 of the Planning (Listed Buildings and Conservation Areas) Act 1990 (listing of buildings of special architectural or historic interest) ;,article-2-1,uksi/2015/596
local advertisement,term-local-advertisement,“ local advertisement ” means publication of the notice in at least one newspaper circulating in the locality in which—,article-2-1,uksi/2015/596
machinery,term-machinery,“ machinery ” includes any structure or erection in the nature of machinery;,article-2-1,uksi/2015/596
microwave,term-microwave,"“ microwave ” means that part of the radio spectrum above 1,000 MHz;",article-2-1,uksi/2015/596
microwave antenna,term-microwave-antenna,“ microwave antenna ” means a satellite antenna or a terrestrial microwave antenna;,article-2-1,uksi/2015/596
mine,term-mine,“ mine ” means any site on which mining operations are carried out;,article-2-1,uksi/2015/596
mining operations,term-mining-operations,"“ mining operations ” means the winning and working of minerals in, on or under land, whether by surface or underground working;",article-2-1,uksi/2015/596
notifiable pipe-line,term-notifiable-pipe-line,“ notifiable pipe-line ” means a major accident hazard pipeline (as described in regulation 18 of the Pipelines Safety Regulations 1996 ) but does not include a pipeline the construction of which has been authorised under section 1 of the Pipe-lines Act 1962 ;,article-2-1,uksi/2015/596
operational Crown building,term-operational-crown-building,“ operational Crown building ” means a building which is operational Crown land;,article-2-1,uksi/2015/596
operational Crown land,term-operational-crown-land,“ operational Crown land ” means—,article-2-1,uksi/2015/596
operational purposes,term-operational-purposes,“ operational purposes ” means the purposes of carrying on the functions of the Crown or of either House of Parliament;,article-2-1,uksi/2015/596
original,term-original,“ original ” means—,article-2-1,uksi/2015/596
plant,term-plant,“ plant ” includes any structure or erection in the nature of plant;,article-2-1,uksi/2015/596
private way,term-private-way,“ private way ” means a highway not maintainable at the public expense and any other way other than a highway;,article-2-1,uksi/2015/596
Procedure Order,term-procedure-order,“ Procedure Order ” means the Town and Country Planning (Development Management Procedure) (England) Order 2015 ;,article-2-1,uksi/2015/596
proposed highway,term-proposed-highway,“ proposed highway ” has the same meaning as in section 329 of the Highways Act 1980 (further provision as to interpretation) ;,article-2-1,uksi/2015/596
public service vehicle,term-public-service-vehicle,“ public service vehicle ” means—,article-2-1,uksi/2015/596
safety hazard area,term-safety-hazard-area,“ safety hazard area ” means an area notified to the local planning authority—,article-2-1,uksi/2015/596
satellite antenna,term-satellite-antenna,"“ satellite antenna ” means apparatus designed for transmitting microwave radio energy to satellites or receiving it from them, and includes any mountings or brackets attached to such apparatus;",article-2-1,uksi/2015/596
scheduled monument,term-scheduled-monument,“ scheduled monument ” has the same meaning as in section 1(11) of the Ancient Monuments and Archaeological Areas Act 1979 (schedule of monuments) ;,article-2-1,uksi/2015/596
site display,term-site-display,"“ site display ” means the posting of the notice by firmly attaching it to some object, sited and displayed in such a way as to be easily visible and legible by members of the public;",article-2-1,uksi/2015/596
site of archaeological interest,term-site-of-archaeological-interest,“ site of archaeological interest ” means land which—,article-2-1,uksi/2015/596
site of special scientific interest,term-site-of-special-scientific-interest,"“ site of special scientific interest ” means land to which section 28(1) of the Wildlife and Countryside Act 1981 (sites of special scientific interest, notification of additional land and enlargement of SSSI) applies;",article-2-1,uksi/2015/596
statutory undertaker,term-statutory-undertaker,"“ statutory undertaker ” includes, in addition to any person mentioned in section 262(1) of the Act (meaning of statutory undertakers) —",article-2-1,uksi/2015/596
terrestrial microwave antenna,term-terrestrial-microwave-antenna,“ terrestrial microwave antenna ” means apparatus designed for transmitting or receiving terrestrial microwave radio energy between two fixed points;,article-2-1,uksi/2015/596
trunk road,term-trunk-road,"“ trunk road ” means a highway or proposed highway which is a trunk road by virtue of section 10(1) or 19 of the Highways Act 1980 (general provision as to trunk roads, and certain special roads and other highways to become trunk roads) or any other enactment or any instrument made under any enactment;",article-2-1,uksi/2015/596
the Use Classes Order,term-the-use-classes-order,“ the Use Classes Order ” means the Town and Country Planning (Use Classes) Order 1987 ; and,article-2-1,uksi/2015/596
World Heritage Site,term-world-heritage-site,“ World Heritage Site ” means a property appearing on the World Heritage List kept under article 11(2) of the UNESCO Convention for the Protection of the World Cultural and Natural Heritage adopted at Paris on 16th November 1972 .,article-2-1,uksi/2015/596
ground level,term-ground-level,"Unless the context otherwise requires, any reference in this Order to the height of a building or of plant or machinery is to be construed as a reference to its height when measured from ground level; and for the purposes of this paragraph  “ ground level ” means the level of the surface of the ground immediately adjacent to the building or plant or machinery in question or, where the level of the surface of the ground on which it is situated or is to be situated is not uniform, the level of the highest part of the surface of the ground adjacent to it.",article-2-2,uksi/2015/596
the recipient,term-the-recipient,"Paragraphs (7) to (11) apply where an electronic communication is used by a person for the purpose of fulfilling any requirement in this Order or in any Schedule to this Order to give or send any statement, notice or other document to any other person (“ the recipient ”).",article-2-6,uksi/2015/596
legible in all material respects,term-legible-in-all-material-respects,"In paragraph (7),  “ legible in all material respects ” means that the information contained in the notice or document is available to the recipient to no lesser extent than it would be if sent or given by means of a document in printed form.",article-2-8,uksi/2015/596
building,term-building,"Except as provided in Classes B and C of Part 11, Schedule 2 does not permit any development which requires or involves the demolition of a building, but in this paragraph  “ building ” does not include part of a building.",article-3-9,uksi/2015/596
the EIA Regulations,term-the-eia-regulations,"Subject to paragraph (12), Schedule 1 development or Schedule 2 development within the meaning of the Town and Country Planning (Environmental Impact Assessment) Regulations 2017 (“ the EIA Regulations ”) is not permitted by this Order unless—",article-3-10,uksi/2015/596
local planning authority,term-local-planning-authority,“ local planning authority ” means the local planning authority whose function it would be to determine an application for planning permission for the development to which the direction relates or is proposed to relate; and,article-4-5,uksi/2015/596
prior approval date,term-prior-approval-date,“ prior approval date ” means the date on which—,article-4-5,uksi/2015/596
the Amending Order,term-the-amending-order,"In this article,  “ the Amending Order ” means the Town and Country Planning (General Permitted Development) (Amendment) (England) Order 2015 .",article-8-4,uksi/2015/596
resulting roof space,term-resulting-roof-space,"For the purposes of Class B,  “ resulting roof space ” means the roof space as enlarged, taking into account any enlargement to the original roof space, whether permitted by this Class or not.",schedule-2-part-1-crossheading-class-b-additions-etc-to-the-roof-of-a-dwellinghouse_paragraph-B.3,uksi/2015/596
purpose incidental to the enjoyment of the dwellinghouse as such,term-purpose-incidental-to-the-enjoyment-of-the-dwellinghouse-as-such,"For the purposes of Class E,  “ purpose incidental to the enjoyment of the dwellinghouse as such ” includes the keeping of poultry, bees, pet animals, birds or other livestock for the domestic needs or personal enjoyment of the occupants of the dwellinghouse.",schedule-2-part-1-crossheading-class-e-buildings-etc-incidental-to-the-enjoyment-of-a-dwellinghouse_paragraph-E.4,uksi/2015/596
highway,term-highway,“ highway ” includes an unadopted street or a private way;,schedule-2-part-1-crossheading-class-h-microwave-antenna-on-a-dwellinghouse_paragraph-I,uksi/2015/596
raised,term-raised,“ raised ” in relation to a platform means a platform with a height greater than 0.3 metres; and,schedule-2-part-1-crossheading-class-h-microwave-antenna-on-a-dwellinghouse_paragraph-I,uksi/2015/596
terrace house,term-terrace-house,"“ terrace house ” except in Class AA (enlargement of a dwellinghouse by construction of additional storeys), means a dwellinghouse situated in a row of 3 or more dwellinghouses used or designed for use as single dwellings, where—",schedule-2-part-1-crossheading-class-h-microwave-antenna-on-a-dwellinghouse_paragraph-I,uksi/2015/596
unadopted street,term-unadopted-street,“ unadopted street ” means a street not being a highway maintainable at the public expense within the meaning of the Highways Act 1980 .,schedule-2-part-1-crossheading-class-h-microwave-antenna-on-a-dwellinghouse_paragraph-I,uksi/2015/596
school,term-school,"For the purposes of Class A,  “ school ” includes—",schedule-2-part-2-crossheading-class-a-gates-fences-walls-etc_paragraph-A.2,uksi/2015/596
painting,term-painting,"In Class C,  “ painting ” includes any application of colour.",schedule-2-part-2-crossheading-class-c-exterior-painting_paragraph-C.2,uksi/2015/596
ground level,term-ground-level,"“ ground level ” means the level of the surface of the ground immediately adjacent to the building or, where the level of the surface of the ground is not uniform, the level of the highest part of the surface of the ground adjacent to it.",schedule-2-part-2-crossheading-class-f-closed-circuit-television-cameras_paragraph-F.3,uksi/2015/596
footprint,,"For the purposes of Class G, “ footprint ”, in relation to a building or a moveable structure, means the total area of ground covered by the building or moveable structure.",schedule-2-paragraph-G.2,uksi/2015/596
care,term-care,"For the purposes of Class G,  “ care ” means personal care for people in need of such care by reason of old age, disablement, past or present dependence on alcohol or drugs or past or present mental disorder.",schedule-2-part-3-crossheading-class-g-retail-or-betting-office-or-pay-day-loan-shop-to-mixed-use_paragraph-G.2,uksi/2015/596
general industrial use,term-general-industrial-use,“ general industrial use ” means a use falling within Class B2 (general industrial) of the Schedule to the Use Classes Order;,schedule-2-part-3-crossheading-class-p-storage-or-distribution-centre-to-dwellinghouses_paragraph-P.3,uksi/2015/596
industrial services,term-industrial-services,“ industrial services ” means services provided from premises with a light industrial use or general industrial use;,schedule-2-part-3-crossheading-class-p-storage-or-distribution-centre-to-dwellinghouses_paragraph-P.3,uksi/2015/596
light industrial use,term-light-industrial-use,“ light industrial use ” means a use falling within Class B1(c) (light industrial) of the Schedule to the Use Classes Order;,schedule-2-part-3-crossheading-class-p-storage-or-distribution-centre-to-dwellinghouses_paragraph-P.3,uksi/2015/596
storage or distribution centre use,term-storage-or-distribution-centre-use,“ storage or distribution centre use ” means a use falling within Class B8 (storage or distribution) of the Schedule to the Use Classes Order; and,schedule-2-part-3-crossheading-class-p-storage-or-distribution-centre-to-dwellinghouses_paragraph-P.3,uksi/2015/596
storage or distribution services,term-storage-or-distribution-services,“ storage or distribution services ” means services provided from premises with a storage or distribution centre use.,schedule-2-part-3-crossheading-class-p-storage-or-distribution-centre-to-dwellinghouses_paragraph-P.3,uksi/2015/596
curtilage,,"For the purposes of Class Q, “ curtilage ” means the lesser of—",schedule-2-paragraph-Q3-1,uksi/2015/596
the original limits of an established agricultural unit,,"For the purposes of Class Q.1(d), “ the original limits of an established agricultural unit ” means—",schedule-2-paragraph-Q3-2,uksi/2015/596
curtilage,term-curtilage,“ curtilage ” has the meaning given in paragraph X (interpretation) of this Part;,schedule-2-paragraph-R-c-i,uksi/2015/596
associated operational development,term-associated-operational-development,"For the purposes of sub-paragraph (3),  “ associated operational development ” means building or other operations in relation to the same building or land which are reasonably necessary to use the building or land for the use proposed under Class R.",schedule-2-part-3-crossheading-class-r-agricultural-buildings-to-a-flexible-commercial-use_paragraph-R.3-4,uksi/2015/596
flexible use,term-flexible-use,"For the purposes of Class R,  “ flexible use ” means use of any building or land for a use falling within the list of uses set out in Class R and change of use (in accordance with Class R) between any use in that list.",schedule-2-part-3-crossheading-class-r-agricultural-buildings-to-a-flexible-commercial-use_paragraph-R.4,uksi/2015/596
associated operational development,term-associated-operational-development,"For the purposes of sub-paragraph (3),  “ associated operational development ” means building or other operations in relation to the same building or land which are reasonably necessary to use the building or land for the use proposed under Class S.",schedule-2-part-3-crossheading-class-s-agricultural-buildings-to-statefunded-school-or-registered-nursery_paragraph-S.2-4,uksi/2015/596
associated operational development,term-associated-operational-development,"For the purposes of sub-paragraph (3),  “ associated operational development ” means building or other operations in relation to the same building or land which are reasonably necessary to use the building or land for the use proposed under Class T.",schedule-2-part-3-crossheading-class-t-business-hotels-etc-to-statefunded-schools-or-registered-nursery_paragraph-T.2-4,uksi/2015/596
agricultural building,term-agricultural-building,“ agricultural building ” means a building (excluding a dwellinghouse) used for agriculture and which is so used for the purposes of a trade or business; and  “ agricultural use ” refers to such uses;,schedule-2-part-3-crossheading-class-v-changes-of-use-permitted-under-a-permission-granted-on-an-application_paragraph-X,uksi/2015/596
agricultural use,term-agricultural-use,“ agricultural building ” means a building (excluding a dwellinghouse) used for agriculture and which is so used for the purposes of a trade or business; and  “ agricultural use ” refers to such uses;,schedule-2-part-3-crossheading-class-v-changes-of-use-permitted-under-a-permission-granted-on-an-application_paragraph-X,uksi/2015/596
agricultural tenancy,term-agricultural-tenancy,“ agricultural tenancy ” means a tenancy under—,schedule-2-part-3-crossheading-class-v-changes-of-use-permitted-under-a-permission-granted-on-an-application_paragraph-X,uksi/2015/596
curtilage,term-curtilage,"“ curtilage ” means, for the purposes of Class ... R or S only—",schedule-2-part-3-crossheading-class-v-changes-of-use-permitted-under-a-permission-granted-on-an-application_paragraph-X,uksi/2015/596
established agricultural unit,term-established-agricultural-unit,“ established agricultural unit ” means agricultural land occupied as a unit for the purposes of agriculture—,schedule-2-part-3-crossheading-class-v-changes-of-use-permitted-under-a-permission-granted-on-an-application_paragraph-X,uksi/2015/596
pay day loan shop,term-pay-day-loan-shop,“ pay day loan shop ” has the meaning given in the Use Classes Order ;,schedule-2-part-3-crossheading-class-v-changes-of-use-permitted-under-a-permission-granted-on-an-application_paragraph-X,uksi/2015/596
prior approval date,term-prior-approval-date,“ prior approval date ” means the date on which—,schedule-2-part-3-crossheading-class-v-changes-of-use-permitted-under-a-permission-granted-on-an-application_paragraph-X,uksi/2015/596
registered nursery,term-registered-nursery,“ registered nursery ” means non-domestic premises in respect of which a person is registered under Part 3 of the Childcare Act 2006 to provide early years provision;,schedule-2-part-3-crossheading-class-v-changes-of-use-permitted-under-a-permission-granted-on-an-application_paragraph-X,uksi/2015/596
site,term-site,“ site ” means the building and any land within its curtilage;,schedule-2-part-3-crossheading-class-v-changes-of-use-permitted-under-a-permission-granted-on-an-application_paragraph-X,uksi/2015/596
state-funded school,term-state-funded-school,"“ state-funded school ” means a school funded wholly or mainly from public funds, including—",schedule-2-part-3-crossheading-class-v-changes-of-use-permitted-under-a-permission-granted-on-an-application_paragraph-X,uksi/2015/596
sui generis use,term-sui-generis-use,“ sui generis use ” means a use for which no class is specified in Schedule 1 or 2 to the Use Classes Order.,schedule-2-part-3-crossheading-class-v-changes-of-use-permitted-under-a-permission-granted-on-an-application_paragraph-X,uksi/2015/596
footprint,,"“ footprint ”, in relation to a building or a moveable structure, means the total area of ground covered by the building or moveable structure;",schedule-2-paragraph-BB.4,uksi/2015/596
historic visitor attraction,,"“ historic visitor attraction ” means a listed building accessible by members of the public (whether or not for an entry fee) for the purposes of promoting their enjoyment, and advancing their knowledge, of the building;",schedule-2-paragraph-BB.4,uksi/2015/596
original condition,,"“ original condition ”, in relation to land on which a moveable structure is provided, means the condition of the land before the moveable structure was provided;",schedule-2-paragraph-BB.4,uksi/2015/596
relevant period,,“ relevant period ” means the period of 12 months beginning with the day on which one of the events described in paragraph BB.3(10) occurs.,schedule-2-paragraph-BB.4,uksi/2015/596
academic year,term-academic-year,“ academic year ” means any period beginning with 1st August and ending with the next 31st July;,schedule-2-part-4-crossheading-class-c-use-as-a-statefunded-school-for-a-single-academic-year_paragraph-C.3,uksi/2015/596
relevant Minister,term-relevant-minister,“ relevant Minister ” means the Secretary of State with policy responsibility for schools;,schedule-2-part-4-crossheading-class-c-use-as-a-statefunded-school-for-a-single-academic-year_paragraph-C.3,uksi/2015/596
state-funded school,term-state-funded-school,"“ state-funded school ” means a school funded wholly or mainly from public funds, including—",schedule-2-part-4-crossheading-class-c-use-as-a-statefunded-school-for-a-single-academic-year_paragraph-C.3,uksi/2015/596
published admission number,,“ published admission number ” has the meaning given in paragraph M.3 of Part 7 of this Schedule;,schedule-2-paragraph-CB.3,uksi/2015/596
RAAC,,“ RAAC ” means reinforced autoclaved aerated concrete;,schedule-2-paragraph-CB.3,uksi/2015/596
RAAC-affected building,,"“ RAAC-affected building ” means a building on school land which has been vacated, in whole or in part, pursuant to a decision by the school, in discharge of its health and safety obligations, that the building should be vacated due to the presence of RAAC;",schedule-2-paragraph-CB.3,uksi/2015/596
relevant time,,“ relevant time ” means—,schedule-2-paragraph-CB.3,uksi/2015/596
school,,“ school ” does not include buildings or land provided at any time under Class C or CA;,schedule-2-paragraph-CB.3,uksi/2015/596
school land,,“ school land ” means land available for use by a school for a purpose falling within Class F.1(a) (provision of education) of Schedule 2 to the Use Classes Order.,schedule-2-paragraph-CB.3,uksi/2015/596
flexible use,term-flexible-use,“ flexible use ” means use of any building or land for a use falling within the list of uses set out in Class D(b) and change of use (in accordance with Class D) between any use in that list.,schedule-2-part-4-crossheading-class-d-shops-financial-cafes-takeaways-pubs-etc-to-temporary-flexible-use_paragraph-D.3,uksi/2015/596
the 2023 Act,,Development consisting of a change of use of a building which is a qualifying high-street premises within the meaning of section 192(2) of the Levelling-up and Regeneration Act 2023 (“ the 2023 Act ”) and any land within the curtilage of that building to a suitable high-street use (as defined by section 192(4) of the 2023 Act) for the duration of a tenancy granted following a rental auction of the premises held under Part 10 of the 2023 Act.,schedule-2-paragraph-DB,uksi/2015/596
broadcast or transmission,term-broadcast-or-transmission,“ broadcast or transmission ” means—,schedule-2-part-4-crossheading-class-e-temporary-use-of-buildings-or-land-for-filmmaking-purposes_paragraph-E.4,uksi/2015/596
commercial film-making,term-commercial-film-making,“ commercial film-making ” means filming for broadcast or transmission but does not include the filming of persons paying to visit the site to participate in any leisure activity on that site including—,schedule-2-part-4-crossheading-class-e-temporary-use-of-buildings-or-land-for-filmmaking-purposes_paragraph-E.4,uksi/2015/596
filming period,term-filming-period,"“ filming period ” means a period, not exceeding 12 months in total, during which the land or building is used for commercial film-making (including activities preparatory to, or otherwise related to, that film-making) under Class E; and",schedule-2-part-4-crossheading-class-e-temporary-use-of-buildings-or-land-for-filmmaking-purposes_paragraph-E.4,uksi/2015/596
television programme provider,term-television-programme-provider,“ television programme provider ” has the meaning given in section 99(2) of the Broadcasting Act 1996 .,schedule-2-part-4-crossheading-class-e-temporary-use-of-buildings-or-land-for-filmmaking-purposes_paragraph-E.4,uksi/2015/596
site,term-site,“ site ” means the building and any land within its curtilage; and,schedule-2-part-4-crossheading-class-e-temporary-use-of-buildings-or-land-for-filmmaking-purposes_paragraph-F,uksi/2015/596
war game,term-war-game,"“ war game ” means an enacted, mock or imaginary battle conducted with weapons which are designed not to injure (including smoke bombs, or guns or grenades which fire or spray paint or are otherwise used to mark other participants), but excludes military activities or training exercises organised by or with the authority of the Secretary of State for Defence.",schedule-2-part-4-crossheading-class-e-temporary-use-of-buildings-or-land-for-filmmaking-purposes_paragraph-F,uksi/2015/596
recreational organisation,term-recreational-organisation,"For the purposes of Class C,  “ recreational organisation ” means an organisation holding a certificate of exemption under section 269 of the Public Health Act 1936 (power of local authority to control use of moveable dwellings) .",schedule-2-part-5-crossheading-class-c-use-of-land-by-members-of-certain-recreational-organisations_paragraph-C.2,uksi/2015/596
agricultural land,term-agricultural-land,"“ agricultural land ” means land which, before development permitted by this Part is carried out, is land in use for agriculture and which is so used for the purposes of a trade or business, and excludes any dwellinghouse or garden;",schedule-2-part-6-crossheading-class-c-mineral-working-for-agricultural-purposes_paragraph-D.1-1,uksi/2015/596
agricultural unit,term-agricultural-unit,"“ agricultural unit ” means agricultural land which is occupied as a unit for the purposes of agriculture, including—",schedule-2-part-6-crossheading-class-c-mineral-working-for-agricultural-purposes_paragraph-D.1-1,uksi/2015/596
building,term-building,“ building ” does not include anything resulting from engineering operations;,schedule-2-part-6-crossheading-class-c-mineral-working-for-agricultural-purposes_paragraph-D.1-1,uksi/2015/596
fish farming,term-fish-farming,"“ fish farming ” means the breeding, rearing or keeping of fish or shellfish (which includes any kind of crustacean and mollusc);",schedule-2-part-6-crossheading-class-c-mineral-working-for-agricultural-purposes_paragraph-D.1-1,uksi/2015/596
livestock,term-livestock,“ livestock ” includes fish or shellfish which are farmed;,schedule-2-part-6-crossheading-class-c-mineral-working-for-agricultural-purposes_paragraph-D.1-1,uksi/2015/596
protected building,term-protected-building,"“ protected building ” means any permanent building which is normally occupied by people or would be so occupied, if it were in use for purposes for which it is designed; but does not include—",schedule-2-part-6-crossheading-class-c-mineral-working-for-agricultural-purposes_paragraph-D.1-1,uksi/2015/596
significant alteration,term-significant-alteration,"“significant extension” or  “ significant alteration ” means any extension or alteration, as the case may be, of the building where the cubic content of the original building would be exceeded by more than 10% or the height of the building as extended or altered would exceed the height of the original building;",schedule-2-part-6-crossheading-class-c-mineral-working-for-agricultural-purposes_paragraph-D.1-1,uksi/2015/596
site notice,term-site-notice,“ site notice ” means a notice containing—,schedule-2-part-6-crossheading-class-c-mineral-working-for-agricultural-purposes_paragraph-D.1-1,uksi/2015/596
slurry,term-slurry,“ slurry ” means animal faeces and urine (whether or not water has been added for handling); and,schedule-2-part-6-crossheading-class-c-mineral-working-for-agricultural-purposes_paragraph-D.1-1,uksi/2015/596
tank,term-tank,“ tank ” includes any cage and any other structure for use in fish farming.,schedule-2-part-6-crossheading-class-c-mineral-working-for-agricultural-purposes_paragraph-D.1-1,uksi/2015/596
the purposes of agriculture,term-the-purposes-of-agriculture,"In Class C,  “ the purposes of agriculture ” includes fertilising land used for the purposes of agriculture and the maintenance, improvement or alteration of any buildings, structures or works occupied or used for such purposes on land so used.",schedule-2-part-6-crossheading-class-c-mineral-working-for-agricultural-purposes_paragraph-D.1-6,uksi/2015/596
reasonably necessary for the purposes of agriculture,term-reasonably-necessary-for-the-purposes-of-agriculture,"In Class A(a),  “ reasonably necessary for the purposes of agriculture ” includes, in relation to the erection, extension or alteration of a building, for housing a biomass boiler or an anaerobic digestion system; for storage of fuel for or waste from that boiler or system; or for housing a hydro-turbine.",schedule-2-part-6-crossheading-class-c-mineral-working-for-agricultural-purposes_paragraph-D.1-7,uksi/2015/596
reasonably necessary for the purposes of agriculture,term-reasonably-necessary-for-the-purposes-of-agriculture,"In Class B(a),  “ reasonably necessary for the purposes of agriculture ” includes, in relation to the extension or alteration of an agricultural building, for housing a biomass boiler or an anaerobic digestion system; for storage of fuel for or waste from that boiler or system; or for housing a hydro-turbine.",schedule-2-part-6-crossheading-class-c-mineral-working-for-agricultural-purposes_paragraph-D.1-8,uksi/2015/596
significant alteration,term-significant-alteration,"“significant extension” or  “ significant alteration ” means any extension or alteration, as the case may be, of the building where the cubic content of the original building would be exceeded by more than 10% or the height of the building as extended or altered would exceed the height of the original building; and",schedule-2-part-6-crossheading-class-e-forestry-developments_paragraph-E.3-1,uksi/2015/596
site notice,term-site-notice,“ site notice ” means a notice containing—,schedule-2-part-6-crossheading-class-e-forestry-developments_paragraph-E.3-1,uksi/2015/596
raised platform,term-raised-platform,"“ raised platform ”  means a platform with a height greater than 0.3 metres, and",schedule-2-part-7-crossheading-class-a-extensions-etc-of-shops-or-financial-or-professional-premises_paragraph-A.3,uksi/2015/596
"commercial, business or service premises",term-shop-or-financial-or-professional-services-establishment,"“ commercial, business or service premises ” means a building, or part of a building, used for any purpose within Class E (commercial, business and service) of Schedule 2 to the Use Classes Order and includes buildings with other uses in other parts as long as the other uses are not within the parts being altered or extended;",schedule-2-part-7-crossheading-class-a-extensions-etc-of-shops-or-financial-or-professional-premises_paragraph-A.3,uksi/2015/596
shop,term-shop,“ shop ” means a building used for any purpose within Class E(a) (display or retail sale of goods other than hot food) of Schedule 2 to the Use Classes Order; and,schedule-2-part-7-crossheading-class-b-construction-of-shop-trolley-stores_paragraph-B.3,uksi/2015/596
trolley store,term-trolley-store,“ trolley store ” means a building or enclosure designed to be used for the storage of shopping trolleys.,schedule-2-part-7-crossheading-class-b-construction-of-shop-trolley-stores_paragraph-B.3,uksi/2015/596
collection facility,term-collection-facility,“ collection facility ” means a building or structure designed to be used by visiting members of the public for the collection of any goods and for the storage of goods awaiting such collection; and,schedule-2-part-7-crossheading-class-c-click-and-collect-facilities_paragraph-C.3,uksi/2015/596
shop,term-shop,“ shop ” means a building used for any purpose within Class E(a) (display or retail sale of goods other than hot food) of Schedule 2 to the Use Classes Order.,schedule-2-part-7-crossheading-class-c-click-and-collect-facilities_paragraph-C.3,uksi/2015/596
goods vehicle,term-goods-vehicle,“ goods vehicle ” has the meaning given in section 192 of the Road Traffic Act 1988 ;,schedule-2-part-7-crossheading-class-d-modification-of-shop-loading-bays_paragraph-D.3,uksi/2015/596
loading bay,term-loading-bay,"“ loading bay ” means any facility, including vehicle ramps, for the loading or unloading of goods vehicles; and",schedule-2-part-7-crossheading-class-d-modification-of-shop-loading-bays_paragraph-D.3,uksi/2015/596
shop,term-shop,“ shop ” means a building used for any purpose within Class E(a) (display or retail sale of goods other than hot food) of Schedule 2 to the Use Classes Order.,schedule-2-part-7-crossheading-class-d-modification-of-shop-loading-bays_paragraph-D.3,uksi/2015/596
dangerous substance,term-dangerous-substance,“ dangerous substance ” has the meaning given in regulation 2 of the Control of Major Accident Hazards Regulations 1999;,schedule-2-part-7-crossheading-class-h-extensions-etc-of-industrial-and-warehouse_paragraph-H.4,uksi/2015/596
employee facilities,term-employee-facilities,"“ employee facilities ” means social, care or recreational facilities provided for employees of the undertaking, including crèche facilities provided for the children of such employees; and",schedule-2-part-7-crossheading-class-h-extensions-etc-of-industrial-and-warehouse_paragraph-H.4,uksi/2015/596
original building,term-original-building,“ original building ” does not include any building erected at any time under Class H.,schedule-2-part-7-crossheading-class-h-extensions-etc-of-industrial-and-warehouse_paragraph-H.4,uksi/2015/596
industrial land,term-industrial-land,"For the purposes of Class I,  “ industrial land ” means land used for the carrying out of an industrial process, including land used for the purposes of an industrial undertaking as a dock, harbour or quay but does not include land in or adjacent to and occupied together with a mine.",schedule-2-part-7-crossheading-class-i-developments-relating-to-an-industrial-process_paragraph-I.2,uksi/2015/596
waste management facility,term-waste-management-facility,“ waste management facility ” means premises and associated land used for the purposes of any waste operation for which an environmental permit is required under Part 2 of the Environmental Permitting (England and Wales) Regulations 2016 or which is an exempt facility under those Regulations; and,schedule-2-part-7-crossheading-class-l-development-at-waste-management-facilities_paragraph-L.3,uksi/2015/596
waste operation,term-waste-operation,“ waste operation ” has the meaning given in the Environmental Permitting (England and Wales) Regulations 2016 .,schedule-2-part-7-crossheading-class-l-development-at-waste-management-facilities_paragraph-L.3,uksi/2015/596
closed prison,,“ closed prison ” means a prison used for the confinement of prisoners in closed conditions located on a site with a closed perimeter;,schedule-2-part-7-crossheading-class-m-extensions-etc-for-schools-colleges-universities-and-hospitals_paragraph-M.3,uksi/2015/596
open prison,,“ open prison ” means a prison used for the confinement of prisoners in open conditions located on a site without a closed perimeter;,schedule-2-part-7-crossheading-class-m-extensions-etc-for-schools-colleges-universities-and-hospitals_paragraph-M.3,uksi/2015/596
relevant date,,“ relevant date ” means 21st December 2023 in the case of the development of an open prison building and 21st April 2021 in the case of all other development;,schedule-2-part-7-crossheading-class-m-extensions-etc-for-schools-colleges-universities-and-hospitals_paragraph-M.3,uksi/2015/596
school,term-school,“ school ” does not include a building which changed use by virtue of Class S of Part 3 of this Schedule (changes of use) or which was erected by virtue of Class CA of Part 4 of this Schedule (temporary buildings and uses) ; and,schedule-2-part-7-crossheading-class-m-extensions-etc-for-schools-colleges-universities-and-hospitals_paragraph-M.3,uksi/2015/596
prison,,For the purposes of Class MA “ prison ” has the same meaning as in Class M of this Part.,schedule-2-part-7-crossheading-class-ma-alteration-etc-of-prison-fences_paragraph-MA.2,uksi/2015/596
industrial building,term-industrial-building,"“ industrial building ” means a building used for the carrying out of an industrial process and includes a building used for the carrying out of such a process on land used as a dock, harbour or quay for the purposes of an industrial undertaking and land used for research and development of products or processes, but does not include a building on land in or adjacent to and occupied together with a mine;",schedule-2-part-7-crossheading-class-n-hard-surfaces-for-schools-colleges-universities-or-hospitals_paragraph-O,uksi/2015/596
office building,term-office-building,“ office building ” means a building used for any purpose within Class E(g)(i) of Schedule 2 to the Use Classes Order (offices);,schedule-2-part-7-crossheading-class-n-hard-surfaces-for-schools-colleges-universities-or-hospitals_paragraph-O,uksi/2015/596
warehouse,term-warehouse,“ warehouse ” means a building used for any purpose within Class B8 (storage or distribution) of Schedule 1 to the Use Classes Order but does not include a building on land in or adjacent to and occupied together with a mine.,schedule-2-part-7-crossheading-class-n-hard-surfaces-for-schools-colleges-universities-or-hospitals_paragraph-O,uksi/2015/596
air traffic services,term-air-traffic-services,“ air traffic services ” has the same meaning as in section 98 of the Transport Act 2000 (air traffic services) ;,schedule-2-part-8-crossheading-class-n-use-of-airport-buildings-managed-by-relevant-airport-operators_paragraph-O,uksi/2015/596
air traffic services licence holder,term-air-traffic-services-licence-holder,“ air traffic services licence holder ” means a person who holds a licence under Chapter 1 of Part 1 of the Transport Act 2000 ;,schedule-2-part-8-crossheading-class-n-use-of-airport-buildings-managed-by-relevant-airport-operators_paragraph-O,uksi/2015/596
air transport services,term-air-transport-services,“ air transport services ” has the same meaning as in section 82 of the Airports Act 1986 ;,schedule-2-part-8-crossheading-class-n-use-of-airport-buildings-managed-by-relevant-airport-operators_paragraph-O,uksi/2015/596
operational building,term-operational-building,"“ operational building ” means , for the purposes of Class F, a building, other than a hotel, required in connection with the movement or maintenance of aircraft, or with the embarking, disembarking, loading, discharge or transport of passengers, livestock or goods at a relevant airport;",schedule-2-part-8-crossheading-class-n-use-of-airport-buildings-managed-by-relevant-airport-operators_paragraph-O,uksi/2015/596
relevant airport,term-relevant-airport,“ relevant airport ” means an airport to which Part 5 of the Airports Act 1986 (status of certain airport operators as statutory undertakers etc.) applies;,schedule-2-part-8-crossheading-class-n-use-of-airport-buildings-managed-by-relevant-airport-operators_paragraph-O,uksi/2015/596
relevant airport operator,term-relevant-airport-operator,“ relevant airport operator ” means a relevant airport operator within the meaning of section 57A of the Airports Act 1986 (scope of Part 5); and,schedule-2-part-8-crossheading-class-n-use-of-airport-buildings-managed-by-relevant-airport-operators_paragraph-O,uksi/2015/596
transport legislation,term-transport-legislation,“ transport legislation ” means section 14(1)(d) of the Transport Act 1962 (supplemental provisions relating to the Boards' powers) or section 10(1)(x) of the Transport Act 1968 (general powers of Passenger Transport Executive) .,schedule-2-part-8-crossheading-class-n-use-of-airport-buildings-managed-by-relevant-airport-operators_paragraph-O,uksi/2015/596
strategic highways company,term-strategic-highways-company,"For the purposes of Class B,  “ strategic highways company ” means a company for the time being appointed under Part 1 of the Infrastructure Act 2015 .",schedule-2-part-9-crossheading-class-b-development-by-the-secretary-of-state-or-a-strategic-highways-company-under-the-highways-act-1980_paragraph-B.1,uksi/2015/596
transport legislation,term-transport-legislation,"For the purposes of Class C,  “ transport legislation ” means section 14(1)(d) of the Transport Act 1962 (supplemental provisions relating to the Boards' powers) or section 10(1)(x) of the Transport Act 1968 (general powers of Passenger Transport Executive) .",schedule-2-part-9-crossheading-class-c-tramway-or-road-transport-undertakings_paragraph-C.2,uksi/2015/596
facilities for the collection of tolls,term-facilities-for-the-collection-of-tolls,"“ facilities for the collection of tolls ” means such buildings, structures, or other facilities as are reasonably required for the purpose of or in connection with the collection of tolls in pursuance of a toll order;",schedule-2-part-9-crossheading-class-d-toll-road-facilities_paragraph-D.3,uksi/2015/596
ground level,term-ground-level,"“ ground level ” means the level of the surface of the ground immediately adjacent to the building or group of buildings in question or, where the level of the surface of the ground on which it is situated or is to be situated is not uniform, the level of the highest part of the surface of the ground adjacent to it;",schedule-2-part-9-crossheading-class-d-toll-road-facilities_paragraph-D.3,uksi/2015/596
rooftop structure,term-rooftop-structure,"“ rooftop structure ” means any apparatus or structure which is reasonably required to be located on and attached to the roof, being an apparatus or structure which is—",schedule-2-part-9-crossheading-class-d-toll-road-facilities_paragraph-D.3,uksi/2015/596
toll,term-toll,“ toll ” means a toll which may be charged pursuant to a toll order;,schedule-2-part-9-crossheading-class-d-toll-road-facilities_paragraph-D.3,uksi/2015/596
toll collection area,term-toll-collection-area,"“ toll collection area ” means an area of land where tolls are collected in pursuance of a toll order, and includes any facilities for the collection of tolls;",schedule-2-part-9-crossheading-class-d-toll-road-facilities_paragraph-D.3,uksi/2015/596
toll collection booth,term-toll-collection-booth,“ toll collection booth ” means any building or structure designed or adapted for the purpose of collecting tolls in pursuance of a toll order;,schedule-2-part-9-crossheading-class-d-toll-road-facilities_paragraph-D.3,uksi/2015/596
toll order,term-toll-order,“ toll order ” has the same meaning as in Part 1 of the New Roads and Street Works Act 1991 (new roads in England and Wales) ; and,schedule-2-part-9-crossheading-class-d-toll-road-facilities_paragraph-D.3,uksi/2015/596
toll road,term-toll-road,“ toll road ” means a road which is the subject of a toll order.,schedule-2-part-9-crossheading-class-d-toll-road-facilities_paragraph-D.3,uksi/2015/596
unadopted street,term-unadopted-street,"For the purposes of Class E,  “ unadopted street ” means a street not being a highway maintainable at the public expense within the meaning of the Highways Act 1980 .",schedule-2-part-9-crossheading-class-e-repairs-to-unadopted-streets-and-private-ways_paragraph-E.1,uksi/2015/596
building or monument,term-building-or-monument,"For the purposes of Class A,  “ building or monument ” means any building or monument in the guardianship of Historic England or owned, controlled or managed by it.",schedule-2-part-11-crossheading-class-a-development-by-historic-england_paragraph-A.3,uksi/2015/596
relevant demolition,term-relevant-demolition,the demolition is  “ relevant demolition ” for the purposes of section 196D of the Act (demolition of an unlisted etc building in a conservation area) ; ...,schedule-2-part-11-crossheading-class-b-demolition-of-buildings_paragraph-B-bn13,uksi/2015/596
excluded demolition,term-excluded-demolition,“ excluded demolition ” means demolition—,schedule-2-part-11-crossheading-class-b-demolition-of-buildings_paragraph-B.3,uksi/2015/596
relevant obligation,term-relevant-obligation,“ relevant obligation ” means—,schedule-2-part-11-crossheading-class-b-demolition-of-buildings_paragraph-B.3,uksi/2015/596
site notice,term-site-notice,“ site notice ” means a notice containing—,schedule-2-part-11-crossheading-class-b-demolition-of-buildings_paragraph-B.3,uksi/2015/596
relevant demolition,term-relevant-demolition,Development is not permitted by Class C if the demolition is  “ relevant demolition ” for the purposes of section 196D of the Act (demolition of an unlisted etc building in a conservation area) .,schedule-2-part-11-crossheading-class-c-demolition-of-gates-fences-walls-etc_paragraph-C.1,uksi/2015/596
urban development corporation,term-urban-development-corporation,"For the purposes of Class A,  “ urban development corporation ” has the same meaning as in Part 16 of the Local Government, Planning and Land Act 1980 (urban development) .",schedule-2-part-12-crossheading-class-a_paragraph-A.1,uksi/2015/596
local authority,term-local-authority,"For the purposes of Part 12,  “ local authority ” includes a parish council , a National Park authority and the Broads Authority .",_paragraph-C,uksi/2015/596
associated apparatus,term-associated-apparatus,"“ associated apparatus ”, in relation to any sewer, main or pipe, means pumps, machinery or apparatus associated with the relevant sewer, main or pipe; and",schedule-2-part-13-crossheading-class-b-development-by-or-on-behalf-of-sewerage-undertakers_paragraph-B.3,uksi/2015/596
sludge main,term-sludge-main,"“ sludge main ” means a pipe or system of pipes (together with any pumps or other machinery or apparatus associated with it) for the conveyance of the residue of water or sewage treated in a water or sewage treatment works as the case may be, including final effluent or the products of the dewatering or incineration of such residue, or partly for any of those purposes and partly for the conveyance of trade effluent or its residue.",schedule-2-part-13-crossheading-class-b-development-by-or-on-behalf-of-sewerage-undertakers_paragraph-B.3,uksi/2015/596
drainage body,term-drainage-body,"For the purposes of Class C,  “ drainage body ” has the same meaning as in section 72(1) of the Land Drainage Act 1991 (interpretation) other than the Environment Agency.",schedule-2-part-13-crossheading-class-c-development-by-drainage-bodies_paragraph-C.1,uksi/2015/596
air traffic services licence holder,term-air-traffic-services-licence-holder,“ air traffic services licence holder ” means a person who holds a licence under Chapter 1 of Part 1 of the Transport Act 2000 ;,schedule-2-part-14-crossheading-class-o-installation-etc-of-flue-for-combined-heat-and-power-on-nondomestic-premises_paragraph-P,uksi/2015/596
block of flats,term-block-of-flats,“ block of flats ” means a building which consists wholly of flats;,schedule-2-part-14-crossheading-class-o-installation-etc-of-flue-for-combined-heat-and-power-on-nondomestic-premises_paragraph-P,uksi/2015/596
detached building,term-detached-building,"“detached dwellinghouse” or  “ detached building ” means a dwellinghouse or building, as the case may be, which does not share a party wall with a neighbouring building;",schedule-2-part-14-crossheading-class-o-installation-etc-of-flue-for-combined-heat-and-power-on-nondomestic-premises_paragraph-P,uksi/2015/596
MCS Planning Standards,term-mcs-planning-standards,“ MCS Planning Standards ” means the standards specified in the Microgeneration Certification Scheme for air source heat pumps (being MCS 020 a) - Air Source Heat Pump Sound Calculation (For Permitted Development Installations)) and for small and micro wind turbines (being MCS 020 b) - Wind Turbine Sound Calculation (For Permitted Development Installations)) ;,schedule-2-part-14-crossheading-class-o-installation-etc-of-flue-for-combined-heat-and-power-on-nondomestic-premises_paragraph-P,uksi/2015/596
microgeneration,term-microgeneration,“ microgeneration ” has the same meaning as in section 82(6) of the Energy Act 2004 ;,schedule-2-part-14-crossheading-class-o-installation-etc-of-flue-for-combined-heat-and-power-on-nondomestic-premises_paragraph-P,uksi/2015/596
safeguarded land,term-safeguarded-land,“ safeguarded land ” means land which—,schedule-2-part-14-crossheading-class-o-installation-etc-of-flue-for-combined-heat-and-power-on-nondomestic-premises_paragraph-P,uksi/2015/596
solar canopy,,“ solar canopy ” means a canopy structure—,schedule-2-part-14-crossheading-class-o-installation-etc-of-flue-for-combined-heat-and-power-on-nondomestic-premises_paragraph-P,uksi/2015/596
solar PV,term-solar-pv,“ solar PV ” means solar photovoltaics;,schedule-2-part-14-crossheading-class-o-installation-etc-of-flue-for-combined-heat-and-power-on-nondomestic-premises_paragraph-P,uksi/2015/596
stand-alone solar,term-stand-alone-solar,“ stand-alone solar ” means solar PV or solar thermal equipment which is not installed on a building;,schedule-2-part-14-crossheading-class-o-installation-etc-of-flue-for-combined-heat-and-power-on-nondomestic-premises_paragraph-P,uksi/2015/596
stand-alone wind turbine,term-stand-alone-wind-turbine,“ stand-alone wind turbine ” means a wind turbine which is not fixed to a building; and,schedule-2-part-14-crossheading-class-o-installation-etc-of-flue-for-combined-heat-and-power-on-nondomestic-premises_paragraph-P,uksi/2015/596
water source heat pump,term-water-source-heat-pump,“ water source heat pump ” means a heat pump where the collecting medium is water.,schedule-2-part-14-crossheading-class-o-installation-etc-of-flue-for-combined-heat-and-power-on-nondomestic-premises_paragraph-P,uksi/2015/596
electric line,term-electric-line,"For the purposes of Class B(a),  “ electric line ” has the meaning given by section 64(1) of the Electricity Act 1989 (interpretation etc. of Part 1) .",schedule-2-part-15-crossheading-class-b-electricity-undertakings_paragraph-B.3,uksi/2015/596
electrical plant,term-electrical-plant,“ electrical plant ” has the meaning given by section 64(1) to that Act; and,schedule-2-part-15-crossheading-class-b-electricity-undertakings_paragraph-B.4,uksi/2015/596
electronic communications line,term-electronic-communications-line,"“ electronic communications line ” means a line which forms part of an electronic communications apparatus, (and both line and electronic communications apparatus have the meaning given in paragraph 5 of the electronic communications code set out in Schedule 3A to the Communications Act 2003 (the electronic communications code)).",schedule-2-part-15-crossheading-class-b-electricity-undertakings_paragraph-B.4,uksi/2015/596
aerodrome,,“ aerodrome ”  has the meaning given by the Safeguarding Direction;,schedule-2-part-16-crossheading-class-a-electronic-communications-code-operators_paragraph-A.4,uksi/2015/596
civil safeguarding area,,“ civil safeguarding area ” means the area identified on a safeguarding map issued by the Civil Aviation Authority in relation to an aerodrome or technical site;,schedule-2-part-16-crossheading-class-a-electronic-communications-code-operators_paragraph-A.4,uksi/2015/596
defence safeguarding area,,"“ defence safeguarding area ” means the area identified on a safeguarding map issued by the Secretary of State for Defence in relation to an aerodrome, a military explosives storage area or a technical site;",schedule-2-part-16-crossheading-class-a-electronic-communications-code-operators_paragraph-A.4,uksi/2015/596
footway,,“ footway ” has the meaning given by section 329(1) (further provisions as to interpretation) of the Highways Act 1980;,schedule-2-part-16-crossheading-class-a-electronic-communications-code-operators_paragraph-A.4,uksi/2015/596
military explosives storage area,,“ military explosives storage area ” has the meaning given by the Safeguarding Direction;,schedule-2-part-16-crossheading-class-a-electronic-communications-code-operators_paragraph-A.4,uksi/2015/596
original width,,"“ original width ”, in relation to a mast, means the width of the mast approved by the most recent—",schedule-2-part-16-crossheading-class-a-electronic-communications-code-operators_paragraph-A.4,uksi/2015/596
permitted compound,,“ permitted compound ” means a compound which—,schedule-2-part-16-crossheading-class-a-electronic-communications-code-operators_paragraph-A.4,uksi/2015/596
the Safeguarding Direction,,"“ the Safeguarding Direction ” means the Town and Country Planning (Safeguarded Aerodromes, Technical Sites and Military Explosives Storage Areas) Direction 2002;",schedule-2-part-16-crossheading-class-a-electronic-communications-code-operators_paragraph-A.4,uksi/2015/596
safeguarding map,,“ safeguarding map ” means—,schedule-2-part-16-crossheading-class-a-electronic-communications-code-operators_paragraph-A.4,uksi/2015/596
single development,,"“ single development ”, in relation to radio equipment housing, means development in relation to a single, discrete unit of radio equipment housing (irrespective of when the development takes place);",schedule-2-part-16-crossheading-class-a-electronic-communications-code-operators_paragraph-A.4,uksi/2015/596
small cell system,,"“ small cell system ” means low-power wireless network access equipment operating within a small range (irrespective of whether the underlying network topology is mobile or fixed), together with any ancillary apparatus, which—",schedule-2-part-16-crossheading-class-a-electronic-communications-code-operators_paragraph-A.4,uksi/2015/596
technical site,,“ technical site ” has the meaning given by the Safeguarding Direction;,schedule-2-part-16-crossheading-class-a-electronic-communications-code-operators_paragraph-A.4,uksi/2015/596
width,,"“ width ”, in relation to a mast, means the width of the mast at its widest point—",schedule-2-part-16-crossheading-class-a-electronic-communications-code-operators_paragraph-A.4,uksi/2015/596
wide,,and “ wide ” is to be construed accordingly.,schedule-2-part-16-crossheading-class-a-electronic-communications-code-operators_paragraph-A.4,uksi/2015/596
driver information system operator,term-driver-information-system-operator,“ driver information system operator ” means a person granted an operator's licence under section 10 of the Road Traffic (Driver Licensing and Information Systems) Act 1989 (operators' licences) ; and,schedule-2-part-16-crossheading-class-d-driver-information-systems_paragraph-D.3,uksi/2015/596
system apparatus,term-system-apparatus,“ system apparatus ” has the meaning assigned to that term by section 8(6) of that Act (definitions of driver information systems etc.).,schedule-2-part-16-crossheading-class-d-driver-information-systems_paragraph-D.3,uksi/2015/596
approved restoration scheme,term-approved-restoration-scheme,"“ approved restoration scheme ” means a restoration scheme which is approved when an application made under paragraph D.1(a)(i) is finally determined, as approved (with or without conditions), or as subsequently varied with the written approval of the mineral planning authority (with or without conditions);",schedule-2-part-17-crossheading-class-d-coal-mining-development-by-the-coal-authority-and-licensed-operators_paragraph-D.2,uksi/2015/596
coal-related minerals,term-coal-related-minerals,"“ coal-related minerals ” means minerals other than coal which are, or may be, won and worked by coal-mining operations;",schedule-2-part-17-crossheading-class-d-coal-mining-development-by-the-coal-authority-and-licensed-operators_paragraph-D.2,uksi/2015/596
designated seam area,term-designated-seam-area,"“ designated seam area ” means land identified, in accordance with paragraph (a) of the definition of  “seam plan”, in a seam plan which was deposited with the mineral planning authority before 30th September 1993;",schedule-2-part-17-crossheading-class-d-coal-mining-development-by-the-coal-authority-and-licensed-operators_paragraph-D.2,uksi/2015/596
a licensee of the Coal Authority,term-a-licensee-of-the-coal-authority,“ a licensee of the Coal Authority ” means any person who is for the time being authorised by a licence under Part 2 of the Coal Industry Act 1994 to carry on coal-mining operations to which section 25 of that Act (coal-mining operations to be licensed) applies;,schedule-2-part-17-crossheading-class-d-coal-mining-development-by-the-coal-authority-and-licensed-operators_paragraph-D.2,uksi/2015/596
previous coal-mining operations,term-previous-coal-mining-operations,"“ previous coal-mining operations ” has the same meaning as in section 54(3) of the Coal Industry Act 1994 (obligations to restore land affected by coal-mining operations) and references in Class D to the use of anything in connection with any such operations include references to its use for or in connection with activities carried on in association with, or for purposes connected with, the carrying on of those operations;",schedule-2-part-17-crossheading-class-d-coal-mining-development-by-the-coal-authority-and-licensed-operators_paragraph-D.2,uksi/2015/596
restoration scheme,term-restoration-scheme,"“ restoration scheme ” means a scheme which makes provision for the reinstatement, restoration or aftercare (or a combination of these) of any land which is an authorised site and has been used at any time for or in connection with any previous coal-mining operations at that mine; and",schedule-2-part-17-crossheading-class-d-coal-mining-development-by-the-coal-authority-and-licensed-operators_paragraph-D.2,uksi/2015/596
seam plan,term-seam-plan,"“ seam plan ” means a plan on a scale of not less than 1 to 25,000 showing—",schedule-2-part-17-crossheading-class-d-coal-mining-development-by-the-coal-authority-and-licensed-operators_paragraph-D.2,uksi/2015/596
coal-related minerals,term-coal-related-minerals,“ coal-related minerals ” means minerals other than coal which can only be economically worked in association with the working of coal or which can only be economically brought to the surface by the use of a mine of coal;,schedule-2-part-17-crossheading-class-e-coal-mining-development-by-a-licensee-of-the-british-coal-corporation_paragraph-E.1,uksi/2015/596
designated seam area,term-designated-seam-area,“ designated seam area ” has the same meaning as in paragraph D.2 of this Part; and,schedule-2-part-17-crossheading-class-e-coal-mining-development-by-a-licensee-of-the-british-coal-corporation_paragraph-E.1,uksi/2015/596
a licensee of the British Coal Corporation,term-a-licensee-of-the-british-coal-corporation,“ a licensee of the British Coal Corporation ” means any person who is for the time being authorised by virtue of section 25(3) of the Coal Industry Act 1994 (coal-mining operations to be licensed) to carry on coal-mining operations to which section 25 of that Act applies.,schedule-2-part-17-crossheading-class-e-coal-mining-development-by-a-licensee-of-the-british-coal-corporation_paragraph-E.1,uksi/2015/596
ancillary mining land,term-ancillary-mining-land,“ ancillary mining land ” means land adjacent to and occupied together with a mine at which the winning and working of minerals is carried out in pursuance of planning permission granted or deemed to be granted under Part 3 (control over development) or Part 13 (application of Act to Crown land) of the Act ; and,schedule-2-part-17-crossheading-class-h-waste-tipping-at-a-mine_paragraph-H.3,uksi/2015/596
waste management scheme,term-waste-management-scheme,“ waste management scheme ” means a scheme required by the mineral planning authority to be submitted for their approval in accordance with the condition in paragraph H.2(a) which makes provision for—,schedule-2-part-17-crossheading-class-h-waste-tipping-at-a-mine_paragraph-H.3,uksi/2015/596
coal-mining operations,term-coal-mining-operations,"For the purposes of Class I,  “ coal-mining operations ” has the same meaning as in section 65 of the Coal Industry Act 1994 (interpretation).",schedule-2-part-17-crossheading-class-i-waste-tipping-from-a-mine-on-sites-used-since-1948_paragraph-I.2,uksi/2015/596
relevant period,term-relevant-period,"For the purposes of Class K,  “ relevant period ” means the period elapsing—",schedule-2-part-17-crossheading-class-k-use-of-land-etc-for-mineral-exploration_paragraph-K.3,uksi/2015/596
appropriate details,term-appropriate-details,“ appropriate details ” means—,schedule-2-part-17-crossheading-class-m-removal-of-material-from-mineralworking-deposits_paragraph-M.3,uksi/2015/596
relevant period,term-relevant-period,“ relevant period ” means the period elapsing—,schedule-2-part-17-crossheading-class-m-removal-of-material-from-mineralworking-deposits_paragraph-M.3,uksi/2015/596
active access,term-active-access,"“ active access ” means a surface access to underground workings which is in normal and regular use for the transportation of coal, materials, spoil or persons;",schedule-2-part-17-crossheading-class-m-removal-of-material-from-mineralworking-deposits_paragraph-N.1,uksi/2015/596
ancillary mining land,term-ancillary-mining-land,“ ancillary mining land ” means land adjacent to and occupied together with a mine at which the winning and working of minerals is carried out in pursuance of planning permission granted or deemed to be granted under Part 3 (control over development) or Part 13 (application of Act to Crown land) of the Act ;,schedule-2-part-17-crossheading-class-m-removal-of-material-from-mineralworking-deposits_paragraph-N.1,uksi/2015/596
coal-mining operations,term-coal-mining-operations,"“ coal-mining operations ” has the same meaning as in section 65 of the Coal Industry Act 1994 (interpretation) and references to any development or use in connection with coal-mining operations include references to development or use for or in connection with activities carried on in association with, or for purposes connected with, the carrying on of those operations;",schedule-2-part-17-crossheading-class-m-removal-of-material-from-mineralworking-deposits_paragraph-N.1,uksi/2015/596
licensed operator,term-licensed-operator,“ licensed operator ” has the same meaning as in section 65 of the Coal Industry Act 1994;,schedule-2-part-17-crossheading-class-m-removal-of-material-from-mineralworking-deposits_paragraph-N.1,uksi/2015/596
mineral exploration,term-mineral-exploration,"“ mineral exploration ” means ascertaining the presence, extent or quality of any deposit of a mineral with a view to exploiting that mineral;",schedule-2-part-17-crossheading-class-m-removal-of-material-from-mineralworking-deposits_paragraph-N.1,uksi/2015/596
minerals,term-minerals,“ minerals ” does not include any coal other than coal won or worked during the course of operations which are carried on exclusively for the purpose of exploring for coal or confined to the digging or carrying away of coal that it is necessary to dig or carry away in the course of activities carried on for purposes which do not include the getting of coal or any product of coal;,schedule-2-part-17-crossheading-class-m-removal-of-material-from-mineralworking-deposits_paragraph-N.1,uksi/2015/596
normal and regular use,term-normal-and-regular-use,“ normal and regular use ” means use other than intermittent visits to inspect and maintain the fabric of the mine or any plant or machinery;,schedule-2-part-17-crossheading-class-m-removal-of-material-from-mineralworking-deposits_paragraph-N.1,uksi/2015/596
relevant scheme,term-relevant-scheme,"“ relevant scheme ” means a scheme, other than a waste management scheme, requiring approval by the mineral planning authority in accordance with a condition or limitation on any planning permission granted or deemed to be granted under Part 3 (control over development) or Part 13 (application of Act to Crown land) of the Act , for making provision for the manner in which the deposit of waste is to be carried out and for the carrying out of other activities in relation to that deposit;",schedule-2-part-17-crossheading-class-m-removal-of-material-from-mineralworking-deposits_paragraph-N.1,uksi/2015/596
stockpile,term-stockpile,“ stockpile ” means a mineral-working deposit consisting primarily of minerals which have been deposited for the purposes of their processing or sale;,schedule-2-part-17-crossheading-class-m-removal-of-material-from-mineralworking-deposits_paragraph-N.1,uksi/2015/596
structure,term-structure,"“ structure ” includes a building, plant or machinery; and",schedule-2-part-17-crossheading-class-m-removal-of-material-from-mineralworking-deposits_paragraph-N.1,uksi/2015/596
appropriate authority,term-appropriate-authority,"For the purposes of Class A,  “ appropriate authority ” means—",schedule-2-part-18-crossheading-class-a-development-under-local-or-private-acts-or-order_paragraph-A.3,uksi/2015/596
amusement park,term-amusement-park,"“ amusement park ” means an enclosed area of open land, or any part of a seaside pier, which is principally used (other than by way of a temporary use) as a funfair or otherwise for the purposes of providing public entertainment by means of mechanical amusements and side-shows; but, where part only of an enclosed area is commonly so used as a funfair or for such public entertainment, only the part so used is to be regarded as an amusement park; and",schedule-2-part-18-crossheading-class-b-development-at-amusement-parks_paragraph-B.2,uksi/2015/596
booths or stalls,term-booths-or-stalls,“ booths or stalls ” includes buildings or structures similar to booths or stalls.,schedule-2-part-18-crossheading-class-b-development-at-amusement-parks_paragraph-B.2,uksi/2015/596
employee facilities,term-employee-facilities,"“ employee facilities ” means social, care or recreational facilities provided for employees or servants of the Crown, including crèche facilities provided for the children of such employees or servants.",schedule-2-part-19-crossheading-class-b-extension-or-alteration-of-an-operational-crown-building_paragraph-B-cn20,uksi/2015/596
Crown land,term-crown-land,"In Class C,  “ Crown land ” does not include land in or adjacent to and occupied together with a mine.",schedule-2-part-19-crossheading-class-c-developments-on-operational-crown-land_paragraph-C.2,uksi/2015/596
operational building,term-operational-building,"For the purposes of Class E,  “ operational building ” means an operational Crown building, other than a hotel, required in connection with the movement or maintenance of aircraft, or with the embarking, disembarking, loading, discharge or transport of passengers, military or civilian personnel, goods, military equipment, munitions and other items.",schedule-2-part-19-crossheading-class-e-development-on-operational-crown-land-relating-to-an-airbase_paragraph-E.5,uksi/2015/596
air transport services,term-air-transport-services,"For the purposes of Class L,  “ air transport services ” has the same meaning as in section 82 of the Airports Act 1986 .",schedule-2-part-19-crossheading-class-l-use-of-buildings-by-the-crown-on-an-airbase-connected-to-air-transport-services-etc_paragraph-L.1,uksi/2015/596
buoy or beacon,term-buoy-or-beacon,“ buoy or beacon ” includes all other marks and signs of the sea; and,schedule-2-part-19-crossheading-class-p-development-by-the-crown-on-operational-crown-land-etc-relating-to-aids-to-shipping_paragraph-P.2,uksi/2015/596
lighthouse,term-lighthouse,"“ lighthouse ” includes any floating and other light exhibited for the guidance of ships, and also any sirens and any other description of fog signals.",schedule-2-part-19-crossheading-class-p-development-by-the-crown-on-operational-crown-land-etc-relating-to-aids-to-shipping_paragraph-P.2,uksi/2015/596
emergency,term-emergency,"For the purposes of Class Q,  “ emergency ” means an event or situation which threatens serious damage to—",schedule-2-part-19-crossheading-class-q-development-by-the-crown-relating-to-an-emergency_paragraph-Q.2-1,uksi/2015/596
ground level,term-ground-level,"“ ground level ” means the level of the surface of the ground immediately adjacent to the building to which the camera is attached or, where the level of the surface of the ground is not uniform, the level of the lowest part of the surface of the ground adjacent to it.",schedule-2-part-19-crossheading-class-s-closed-circuit-television-cameras-for-national-security-purposes_paragraph-S.3,uksi/2015/596
small apparatus,term-small-apparatus,"In sub-paragraph (2),  “ small apparatus ” means—",schedule-2-part-19-crossheading-class-t-electronic-communication-apparatus-etc-for-national-security-purposes_paragraph-T.3-3,uksi/2015/596
aerodrome operator,term-aerodrome-operator,“ aerodrome operator ” means the person who is for the time being responsible for the management of the aerodrome;,schedule-2-part-19-crossheading-class-t-electronic-communication-apparatus-etc-for-national-security-purposes_paragraph-T.6,uksi/2015/596
appropriate notice,term-appropriate-notice,“ appropriate notice ” means a notice signed and dated by or on behalf of the developer and containing—,schedule-2-part-19-crossheading-class-t-electronic-communication-apparatus-etc-for-national-security-purposes_paragraph-T.6,uksi/2015/596
development ancillary to radio equipment housing,term-development-ancillary-to-radio-equipment-housing,"“ development ancillary to radio equipment housing ” means the construction, installation, alteration or replacement of structures, equipment or means of access which are ancillary to and reasonably required for the purposes of the radio equipment housing;",schedule-2-part-19-crossheading-class-t-electronic-communication-apparatus-etc-for-national-security-purposes_paragraph-T.6,uksi/2015/596
mast,term-mast,“ mast ” means a radio mast or a radio tower;,schedule-2-part-19-crossheading-class-t-electronic-communication-apparatus-etc-for-national-security-purposes_paragraph-T.6,uksi/2015/596
owner,term-owner,"“ owner ” means any person who is the estate owner in respect of the fee simple, or who is entitled to a tenancy granted or extended for a term of years certain of which not less than 7 years remain unexpired;",schedule-2-part-19-crossheading-class-t-electronic-communication-apparatus-etc-for-national-security-purposes_paragraph-T.6,uksi/2015/596
relevant day,term-relevant-day,“ relevant day ” means—,schedule-2-part-19-crossheading-class-t-electronic-communication-apparatus-etc-for-national-security-purposes_paragraph-T.6,uksi/2015/596
relevant period,term-relevant-period,“ relevant period ” means a period which expires—,schedule-2-part-19-crossheading-class-t-electronic-communication-apparatus-etc-for-national-security-purposes_paragraph-T.6,uksi/2015/596
tenant,term-tenant,“ tenant ” means the tenant of an agricultural holding any part of which is comprised in the land to which the proposed development relates.,schedule-2-part-19-crossheading-class-t-electronic-communication-apparatus-etc-for-national-security-purposes_paragraph-T.6,uksi/2015/596
closed defence site,,“ closed defence site ” means a site which is—,schedule-2-paragraph-TA.5,uksi/2015/596
footprint,,"“ footprint ”, in relation to a building, means the total area of ground covered by it;",schedule-2-paragraph-TA.5,uksi/2015/596
non-residential building,,“ non-residential building ” means a building which is used exclusively for defence purposes other than as—,schedule-2-paragraph-TA.5,uksi/2015/596
single living accommodation,,“ single living accommodation ” means a building used for the purpose of providing living accommodation for single or unaccompanied persons.,schedule-2-paragraph-TA.5,uksi/2015/596
airbase,term-airbase,"“ airbase ” means the aggregate of the land, buildings and works comprised in a Government aerodrome within the meaning of paragraph 1 of Schedule 1 to the Air Navigation Order 2016 ; and",schedule-2-part-19-crossheading-class-t-electronic-communication-apparatus-etc-for-national-security-purposes_paragraph-U,uksi/2015/596
air traffic services,term-air-traffic-services,“ air traffic services ” has the same meaning as in section 98 of the Transport Act 2000 (air traffic services) .,schedule-2-part-19-crossheading-class-t-electronic-communication-apparatus-etc-for-national-security-purposes_paragraph-U,uksi/2015/596
relevant location,term-relevant-location,"In this paragraph,  “ relevant location ” means a highway, waterway or open space.",schedule-3-paragraph-2-10,uksi/2015/596
